f3,f5,f6,f7,f8,f9,f14,f15,f16,f17,f21,f22,f23,f24,f27,f29,f31,f32,f33,f34,class
0.747575,0.64806,0.529125,0.674755,0.5,0.7489619047619047,0.52427,0.762135,0.502425,0.735435,0.674755,0.529125,0.59466,0.62864,0.682735,0.6966,0.63107,0.5,0.686895,0.49029,0
0.9735050000000001,0.966035,0.483865,0.9758850000000001,0.482845,0.9313523809523809,0.52344,0.96977,0.492695,0.9741850000000001,0.95703,0.538385,0.94735,0.53074,0.962445,0.9606,0.9622949999999999,0.50221,0.963485,0.497115,0
0.925065,0.961055,0.50728,0.96023,0.5109,0.9179285714285714,0.5216,0.9536899999999999,0.5250900000000001,0.936695,0.945485,0.535235,0.94215,0.538485,0.934615,0.9379850000000001,0.92599,0.55067,0.9212899999999999,0.55349,0
0.9982249999999999,1.0,0.49382,0.989055,0.51249,0.9338666666666666,0.55173,0.97106,0.526345,0.944045,0.908165,0.55915,0.9183399999999999,0.57221,0.8973800000000001,0.8955500000000001,0.88561,0.57965,0.854705,0.560075,0
1.0,0.5,0.5,1.0,0.0,0.0,0.0,0.5,0.5,1.0,0.5,0.5,1.0,0.0,1.0,0.0,0.0,1.0,0.5,0.5,1
0.9804350000000001,0.9838,0.596395,0.98013,0.637255,0.9430666666666666,0.7625850000000001,0.9141,0.7939700000000001,0.8662099999999999,0.772365,0.8441000000000001,0.741695,0.880985,0.667005,0.62472,0.56878,0.934175,0.54524,0.931425,0
0.7947,0.9271499999999999,0.77649,0.9056299999999999,0.536425,0.7458238095238094,0.56126,0.819535,0.59934,0.85927,0.82616,0.6390750000000001,0.8443700000000001,0.536425,0.745065,0.73108,0.71742,0.64662,0.704105,0.64971,0
1.0,0.0,1.0,0.0,0.08771999999999996,0.6411857142857142,0.52851,0.67544,0.673245,0.864035,0.5,0.5,0.350875,0.41886,1.0,1.0,0.67544,0.600875,0.9144749999999999,0.539475,1
0.645365,0.61654,0.586465,0.518795,0.67168,0.5334761904761904,0.563835,0.468335,0.539535,0.46836,0.47917,0.4986,0.48562,0.49412,0.49557,0.4986,0.50048,0.49526,0.50145,0.496765,0
0.810605,0.5,0.5,0.5,0.5,0.6403333333333333,0.75947,0.68182,0.657195,0.23106,0.50947,0.23295500000000002,0.21211999999999998,0.589015,0.62879,0.71591,0.59091,0.488635,0.585225,0.291665,1
0.80339,0.835595,0.52034,0.764405,0.477965,0.7167047619047618,0.48983,0.7661,0.538985,0.8203400000000001,0.7661,0.50339,0.8576250000000001,0.48305,0.7863100000000001,0.79322,0.794915,0.48644,0.750845,0.5339,0
1.0,0.5,0.5,0.5,0.5,0.9523809523809523,1.0,0.5,0.5,0.0,0.0,1.0,1.0,0.78125,1.0,1.0,1.0,1.0,1.0,1.0,1
0.949175,0.836665,0.811165,0.71949,0.971765,0.4588428571428571,0.7440800000000001,0.213115,0.642075,0.16625,0.09471999999999997,0.469945,0.334015,0.26204000000000005,0.53579,0.621605,0.68293,0.349715,0.714025,0.566485,0
0.92067,0.71822,0.514595,0.967105,0.498665,0.8949857142857143,0.7749550000000001,0.9585699999999999,0.21256999999999998,0.875,1.0,1.0,0.73305,0.41855,0.96679,0.80791,0.922315,0.37146999999999997,0.966615,0.492875,0
0.0,0.5,0.5,0.0,0.8225800000000001,0.06144285714285713,0.5,0.5,0.5,0.5,0.0,0.0,0.5,0.5,1.0,0.5,0.5,0.5,0.5,0.5,1
0.923565,0.9320600000000001,0.457535,0.9097649999999999,0.5,0.8270142857142857,0.441615,0.887475,0.40658,0.89066,0.895965,0.421445,0.94692,0.48301499999999997,0.870575,0.83121,0.863055,0.31104,0.8290850000000001,0.375795,0
0.934445,1.0,0.48753,1.0,0.465555,0.8941809523809523,0.463565,1.0,0.4,0.934445,1.0,0.44237,1.0,0.406665,1.0,0.9111100000000001,1.0,0.42195499999999997,1.0,0.27888999999999997,0
0.0,1.0,0.0,0.5,0.5,0.47619047619047616,1.0,0.5,0.5,1.0,0.5,0.5,1.0,1.0,1.0,0.0,0.0,0.0,0.5,0.5,1
1.0,1.0,0.463085,0.998005,0.444805,0.9516095238095237,0.391525,0.97644,0.374505,0.95618,0.949955,0.326545,0.93937,0.311785,0.9158600000000001,0.907165,0.8895949999999999,0.260115,0.875575,0.24924000000000002,0
0.883135,0.8196749999999999,0.69056,0.742045,0.7625,0.5476190476190476,0.7227250000000001,0.5,0.74318,0.362545,0.317045,0.59432,0.297335,0.53794,0.33029,0.3623,0.40019,0.37676,0.44053,0.36390999999999996,0
0.87352,0.768775,0.58498,0.8636349999999999,0.54743,0.8074523809523809,0.40415,0.868575,0.52075,0.815215,0.896245,0.37351999999999996,0.832015,0.35672000000000004,0.8092349999999999,0.800395,0.687745,0.534585,0.8053349999999999,0.493085,0
1.0,1.0,0.586935,1.0,0.43346,0.9436761904761904,0.7955650000000001,1.0,0.85379,1.0,1.0,1.0,0.99021,1.0,0.919495,0.8741099999999999,0.82179,1.0,0.7623949999999999,1.0,0
1.0,1.0,0.591405,1.0,0.6348400000000001,0.9523809523809523,0.693215,1.0,0.65837,1.0,1.0,0.806335,1.0,0.797285,0.9475100000000001,0.9280550000000001,0.871945,0.9280550000000001,0.857465,0.879185,0
0.973265,0.86277,0.83624,0.7378199999999999,0.912275,0.4822238095238095,0.780395,0.12059500000000001,0.708715,0.167725,0.23762499999999998,0.28,0.34574499999999997,0.224555,0.580425,0.6837599999999999,0.7302949999999999,0.38732500000000003,0.75188,0.4701,0
0.9485300000000001,0.9558800000000001,0.6875,0.871325,0.8382350000000001,0.6932761904761904,0.930145,0.39705999999999997,0.9117649999999999,0.3125,0.132355,0.691175,0.069855,0.54412,0.160375,0.224265,0.27941,0.24632500000000002,0.35662,0.21691,0
0.8,0.816665,0.533335,0.85,0.533335,0.8095238095238095,0.5,0.866665,0.5,0.85,0.866665,0.483335,0.883335,0.5,0.8296600000000001,0.8,0.8,0.583335,0.816665,0.583335,0
1.0,0.86157,0.63843,0.9172149999999999,0.20805999999999997,0.9523809523809523,0.437365,0.884185,0.57319,1.0,0.98177,0.490545,0.962995,0.043310000000000015,1.0,1.0,1.0,0.76686,1.0,0.21121,0
0.9507350000000001,0.820655,0.878625,0.6522,0.9757399999999999,0.37881428571428566,0.754745,0.015069999999999972,0.551725,0.04271999999999998,0.33823000000000003,0.055005000000000026,0.529325,0.029139999999999944,0.870525,0.947075,0.939465,0.601795,0.8527750000000001,0.77426,0
0.9588350000000001,0.93045,0.6777150000000001,0.864365,0.728735,0.7639285714285713,0.908975,0.57832,0.9177899999999999,0.50198,0.32001999999999997,0.880965,0.284565,0.826925,0.19835999999999998,0.17744499999999996,0.17145,0.568335,0.17972,0.52697,0
1.0,1.0,0.5171,1.0,0.472185,0.9523809523809523,0.60164,1.0,0.563925,1.0,1.0,0.72379,1.0,0.70875,1.0,0.978015,1.0,0.66246,1.0,0.73356,0
1.0,1.0,0.0,1.0,0.0,0.9523809523809523,1.0,1.0,0.0,1.0,1.0,1.0,1.0,0.0,1.0,1.0,0.5,0.5,1.0,0.0,1
0.0,1.0,0.0,0.0,1.0,0.47619047619047616,0.40625,1.0,1.0,0.0,0.0,0.0,1.0,1.0,1.0,1.0,0.5,0.5,0.0,0.0,1
0.84099,0.91166,0.60954,0.733215,0.66431,0.5990238095238095,0.722615,0.5053,0.694345,0.593405,0.521625,0.653725,0.499585,0.62468,0.47843,0.476105,0.477075,0.53532,0.479935,0.52293,1
0.756035,1.0,0.76905,0.85589,0.904165,0.6934380952380952,1.0,0.41292,1.0,0.334595,0.23663,0.858495,0.057499999999999996,0.73947,0.0,0.0,0.0,0.28886999999999996,0.04048500000000005,0.172215,0
0.905715,0.925715,0.499285,0.895,0.50357,0.8551,0.46643,0.932145,0.50143,0.914285,0.884285,0.457855,0.92143,0.475,0.9079900000000001,0.912855,0.907145,0.475,0.9107149999999999,0.424285,0
0.947815,0.8365549999999999,0.84719,0.67958,0.9434800000000001,0.4562238095238095,0.8103899999999999,0.08660000000000001,0.65178,0.06924999999999998,0.24111,0.18778499999999998,0.38286,0.13072499999999998,0.667655,0.76207,0.8060849999999999,0.413285,0.800365,0.5433,0
0.9378899999999999,0.949755,0.501715,0.9460500000000001,0.50255,0.8873095238095237,0.50497,0.931515,0.505755,0.919255,0.9209100000000001,0.508015,0.91743,0.508745,0.910555,0.90994,0.9037850000000001,0.51154,0.90044,0.512205,0
0.9527350000000001,0.82677,0.8738049999999999,0.649605,0.979525,0.41265714285714283,0.7754300000000001,0.016845,0.57596,0.034995,0.29227,0.07397500000000001,0.48875,0.031060000000000032,0.83769,0.9298850000000001,0.94327,0.549,0.877475,0.7315050000000001,0
0.5,0.5,0.5,0.5,0.5,0.47619047619047616,0.6302099999999999,0.5,0.5,0.5,0.40104,0.390625,0.416665,0.953125,0.520835,0.385415,0.4375,0.364585,0.40104,0.03125,1
0.96435,0.8808400000000001,0.8117449999999999,0.746525,0.92133,0.5790095238095238,0.91795,0.14626500000000003,0.82745,0.06263000000000002,0.050880000000000036,0.369135,0.13015500000000002,0.229655,0.388385,0.53905,0.680105,0.10971500000000001,0.7970349999999999,0.19865,0
0.8722449999999999,0.8538600000000001,0.516545,0.8612150000000001,0.58456,0.8534666666666666,0.502755,0.8538600000000001,0.608455,1.0,0.837315,0.52114,0.7601100000000001,0.375,0.808635,0.6544099999999999,0.7795799999999999,0.53729,0.8014699999999999,0.608455,0
0.5,0.994595,0.38648499999999997,0.594595,0.472975,0.47619047619047616,0.4,1.0,0.535135,1.0,1.0,0.39459500000000003,1.0,0.29189,1.0,0.5,1.0,0.37027,0.644595,0.42162,1
0.5,0.0,1.0,1.0,1.0,0.0,0.0,0.0,0.34375,0.0,1.0,0.0,0.5,0.5,0.0,0.5,1.0,0.0,0.5,0.5,1
1.0,1.0,0.41872,1.0,0.38172,0.9523809523809523,0.369195,1.0,0.390125,1.0,1.0,0.322405,1.0,0.20169499999999996,0.9941,1.0,1.0,0.121195,1.0,0.07781499999999997,0
0.903135,0.865305,0.621615,0.823075,0.59519,0.6520142857142857,0.78654,0.62596,0.685575,0.576075,0.48269,0.714425,0.45572,0.72212,0.4003,0.38084,0.36683,0.61948,0.38077,0.65577,0
0.96986,0.9024300000000001,0.764105,0.790835,0.865755,0.6426714285714286,0.9466749999999999,0.30135,0.9108149999999999,0.20582499999999998,0.09369,0.59444,0.09341500000000003,0.47858,0.183815,0.26789,0.368055,0.14582499999999998,0.455315,0.143635,0
0.9716549999999999,0.9806600000000001,0.7040150000000001,0.90257,0.782845,0.7461285714285714,0.947445,0.525835,0.96841,0.37629,0.248745,0.8128150000000001,0.172425,0.75214,0.11451500000000003,0.12296999999999997,0.12400500000000003,0.410395,0.16534,0.32816500000000004,0
1.0,1.0,0.498285,1.0,0.492175,0.9523809523809523,0.48906499999999997,0.9991399999999999,0.484565,0.99764,1.0,0.480595,1.0,0.474805,0.99921,0.9970000000000001,0.995285,0.467515,0.994855,0.46666,0
0.9546600000000001,0.9326399999999999,0.58444,1.0,0.58299,0.7389857142857142,0.713695,0.7881,0.73043,0.755335,0.68912,0.77231,0.65637,0.7791300000000001,0.5931299999999999,0.563175,0.534635,0.775305,0.560685,0.838695,0
0.69643,0.10588000000000003,0.55671,0.41686,0.11810999999999999,0.7936523809523809,0.653645,0.326015,0.18166,0.732145,0.24085,0.724805,0.261745,0.26203,0.759855,0.7857149999999999,0.225545,0.350425,0.627205,0.22081499999999998,1
0.933445,0.86007,0.8333349999999999,0.686005,0.915245,0.5173619047619047,0.837885,0.15643,0.7076199999999999,0.11490500000000003,0.25256,0.288965,0.33731500000000003,0.21160500000000004,0.5768,0.661545,0.730945,0.40159500000000004,0.70478,0.5091,0
0.967685,0.96858,0.626795,0.928525,0.693895,0.8525666666666666,0.875,0.75415,0.8679300000000001,0.708145,0.56856,0.928075,0.50247,0.944345,0.395025,0.334155,0.30734,0.821815,0.26290500000000006,0.779175,0
0.843645,0.959865,0.11956500000000003,0.908865,0.52174,0.8385095238095237,0.591135,0.8795999999999999,0.56856,0.96739,0.824415,0.62291,0.801005,0.8871249999999999,0.94631,0.85535,1.0,0.46738999999999997,0.78261,0.619565,1
0.70966,0.675,0.5625,0.61591,0.639775,0.45887619047619044,0.66818,0.43325,0.63661,0.513635,0.39986,0.52539,0.40682,0.68182,0.450145,0.0,0.48542,0.46268,0.49737,0.46843,1
0.0,0.0,0.0,0.5,0.5,0.0,0.0,0.0,1.0,0.5,0.0,1.0,0.5,0.5,1.0,1.0,1.0,1.0,0.5,0.5,1
0.71818,0.79091,0.427275,0.59091,0.16363499999999997,0.6406904761904761,0.645455,0.68182,0.29091,0.6,0.563635,0.745455,0.8090900000000001,0.58182,0.70549,0.672725,0.563635,0.31818,0.645455,0.354545,1
0.75466,1.0,0.63354,0.4824,0.0,0.9523809523809523,0.5,0.0,0.328675,0.311595,0.5,0.5,0.5,0.5,0.69876,0.5,1.0,0.61594,0.5,0.5,1
0.7877000000000001,0.87599,0.473215,0.80754,0.49405,0.7331809523809524,0.488095,0.81349,0.50595,0.8541650000000001,0.739085,0.48611,0.795635,0.51885,0.806455,0.80853,0.8442449999999999,0.493055,0.8125,0.484125,0
1.0,1.0,1.0,0.0,1.0,0.9523809523809523,0.0,0.0,1.0,1.0,0.0,1.0,1.0,0.0,1.0,1.0,0.0,1.0,0.0,1.0,1
0.9503550000000001,1.0,0.491135,0.9503550000000001,0.503545,0.8797714285714285,0.50532,0.98759,0.51773,1.0,0.93085,0.539005,1.0,0.5461,0.971525,0.9734050000000001,1.0,0.50532,0.9680850000000001,0.51064,0
0.99091,0.9431350000000001,0.515655,0.931245,0.52286,0.8571428571428571,0.54218,0.88559,0.547895,0.813635,0.85337,0.56304,0.84302,0.567465,0.822905,0.836365,0.8035749999999999,0.582325,0.7942,0.585385,0
0.8543499999999999,0.82174,0.52174,0.726085,0.6913050000000001,0.786747619047619,0.384785,0.752175,0.68913,0.69348,0.6347849999999999,0.558695,0.76623,0.480775,0.74965,0.7417400000000001,0.82174,0.373915,0.752175,0.573915,0
0.94058,0.860625,0.714405,0.807795,0.81831,0.6610714285714285,0.946,0.321315,0.8875,0.17443000000000003,0.09071999999999997,0.595475,0.08028500000000005,0.459605,0.162215,0.22633999999999999,0.34743999999999997,0.16649999999999998,0.40344,0.12201499999999998,0
0.956765,0.135135,1.0,0.30267,0.778675,0.5019285714285714,0.45515,0.507005,0.482985,0.50554,0.50024,0.500375,0.499985,0.500095,0.499995,0.5,0.5,0.5,0.5,0.5,1
0.550675,0.5,0.5,0.5,0.5,0.7368095238095238,0.5,0.5,0.5,0.68581,0.5,0.5,0.5,0.5,1.0,0.7770250000000001,0.5,0.5,0.5,0.5,1
0.87234,0.94353,0.50491,0.94271,0.507355,0.8915904761904762,0.51456,0.936175,0.51691,0.9787250000000001,0.9279850000000001,0.523715,0.924655,0.52589,0.917145,0.87234,0.90855,0.534,0.90387,0.535865,0
0.830805,1.0,1.0,1.0,0.16339499999999996,0.8613952380952381,0.05312499999999998,1.0,0.866965,0.587945,1.0,0.9263399999999999,1.0,0.0,1.0,0.9799100000000001,1.0,0.8263400000000001,1.0,0.6736599999999999,1
0.965735,0.899585,0.77878,0.79976,0.85798,0.6009666666666666,0.97565,0.22036999999999995,0.90509,0.133355,0.03873000000000004,0.5302,0.03191000000000005,0.40081,0.17417500000000002,0.29388499999999995,0.43205,0.030235000000000012,0.550035,0.025885000000000047,0
1.0,1.0,1.0,1.0,0.0,0.9523809523809523,0.4908,1.0,0.0,1.0,1.0,1.0,1.0,0.0,1.0,1.0,1.0,1.0,1.0,1.0,1
0.98857,0.913415,0.731295,0.858855,0.79366,0.7046095238095238,0.969725,0.43373,0.92145,0.3399,0.15863,0.74754,0.11296,0.667685,0.08343,0.08816999999999997,0.163555,0.33169000000000004,0.200285,0.25149999999999995,0
1.0,1.0,0.625,0.625,1.0,0.5564333333333333,0.803965,0.28090000000000004,0.68928,0.28168499999999996,0.367615,0.45487500000000003,0.41911,0.43518,0.489555,0.505165,0.51112,0.47929,0.511245,0.489915,0
0.541665,0.0,1.0,0.0,1.0,0.8184523809523809,0.0,0.0,1.0,0.486235,0.12685999999999997,0.0,0.0,0.265995,1.0,0.0,0.0,0.0,0.0,0.8072900000000001,1
0.68438,0.0,0.0,0.461695,1.0,0.9523809523809523,0.103435,0.451615,1.0,0.74342,0.428285,0.39905999999999997,0.44012,0.534475,0.517215,0.497985,0.496195,0.50054,0.500075,0.501625,1
0.0,1.0,1.0,0.5,0.5,0.9523809523809523,0.0,0.0,0.0,0.5,0.5,0.5,0.5,0.5,1.0,1.0,0.0,0.0,0.5,0.5,1
0.837735,0.884905,0.44717,0.88679,0.5188699999999999,0.7906571428571427,0.43019,0.860375,0.48868,0.884905,0.879245,0.38112999999999997,0.86981,0.426415,0.86943,0.83396,0.932075,0.5188699999999999,0.86604,0.503775,0
0.91754,0.868695,0.42647,0.921745,0.472165,0.9068619047619048,0.533615,0.896535,0.455355,1.0,0.938025,0.505775,0.887605,0.53309,0.917395,1.0,0.9333,0.44643,0.9527300000000001,0.47846500000000003,0
0.9612350000000001,0.9820949999999999,0.41163,0.93512,0.38699,0.865247619047619,0.25180500000000006,0.81669,0.25016499999999997,0.6862699999999999,0.70253,0.22914,0.667545,0.20154499999999997,0.54656,0.46419,0.4908,0.22963,0.462715,0.26051,0
1.0,1.0,0.50783,1.0,0.49888,0.9523809523809523,0.51454,1.0,0.53244,0.994405,0.99888,0.54698,0.978745,0.536915,0.999945,0.995525,1.0,0.550335,1.0,0.550335,0
1.0,1.0,1.0,0.0,0.0,0.9523809523809523,0.5,0.0,1.0,1.0,0.125,1.0,1.0,0.0,1.0,0.0,0.5,0.5,1.0,0.0,1
1.0,0.983875,0.49759,0.9834149999999999,0.49639,0.8951428571428571,0.49282,0.979735,0.491645,0.9924850000000001,0.97508,0.48818,0.97318,0.487045,0.96886,1.0,0.96387,0.48268,0.96113,0.481635,0
0.736685,0.531065,0.408285,0.81158,0.50503,0.693152380952381,0.637575,0.85799,0.48077,0.778105,0.763835,0.51421,0.755915,0.446745,0.7325699999999999,0.7677499999999999,0.659765,0.427515,0.673075,0.49852,0
0.841585,0.924015,0.50101,0.921705,0.501505,0.8776190476190475,0.502925,0.90369,0.503365,0.90311,0.8818250000000001,0.504545,0.873175,0.50489,0.85412,0.811175,0.83312,0.50595,0.8220350000000001,0.506135,0
0.72222,0.768475,0.953815,0.38889,1.0,0.3174619047619047,0.444445,0.0,0.38889,0.166665,0.38889,0.11110999999999999,0.88889,0.38889,0.9606,0.7872699999999999,0.61111,1.0,0.22221999999999997,1.0,0
0.87042,0.89537,0.512715,0.892875,0.518965,0.7915714285714286,0.53674,0.873475,0.54221,0.853405,0.850105,0.556775,0.8409150000000001,0.560925,0.82079,0.828535,0.7987949999999999,0.573485,0.787275,0.57557,0
1.0,1.0,0.0,1.0,0.0,0.9523809523809523,1.0,1.0,0.0,1.0,1.0,1.0,1.0,1.0,1.0,0.5,1.0,0.0,1.0,0.0,1
1.0,1.0,0.44915499999999997,0.999995,0.42401500000000003,0.9523809523809523,0.351075,0.968595,0.32794,0.97243,0.930215,0.26346,0.914935,0.2439,0.8811199999999999,0.828615,0.8435699999999999,0.177315,0.823635,0.16386999999999996,0
1.0,1.0,0.0,1.0,1.0,0.0,1.0,0.5,0.5,0.5,0.0,1.0,1.0,1.0,1.0,1.0,1.0,0.0,0.0,1.0,1
0.924215,0.90281,0.488505,0.885155,0.483505,0.7939285714285713,0.471145,0.8212999999999999,0.46781,0.695995,0.7798499999999999,0.459805,0.76715,0.457735,0.743295,0.763065,0.7213849999999999,0.451895,0.7111149999999999,0.45096,0
0.947525,0.9376249999999999,0.527725,0.947525,0.50693,0.9184333333333333,0.49208,0.9594050000000001,0.51683,0.968315,0.952475,0.50396,0.943565,0.49109,0.94501,0.940595,0.9366350000000001,0.52079,0.933665,0.51188,0
1.0,0.0,0.0,0.0,0.0,0.9523809523809523,0.0,0.0,1.0,0.73682,0.844195,0.0,0.0,0.0,1.0,1.0,0.0,0.3373,0.0,0.864155,1
0.87458,0.9949699999999999,0.54896,0.879275,0.564385,0.8300619047619047,0.497655,0.98055,0.550975,0.9574100000000001,0.9061049999999999,0.45976,1.0,0.5,0.911355,0.862175,0.952045,0.55533,0.864185,0.51375,0
1.0,1.0,0.502425,1.0,0.43969,0.8998333333333333,0.504135,0.7729550000000001,0.501495,0.918875,0.8544350000000001,0.36249,0.716925,0.43969,0.79492,0.7155,0.80218,0.3791,0.780225,0.30881000000000003,0
1.0,1.0,0.398735,0.93671,0.449365,0.8981333333333332,0.531645,0.92405,0.481015,0.816455,0.9683550000000001,0.531645,1.0,0.62658,0.923185,1.0,0.765825,0.51266,0.91772,0.48734,0
0.7354499999999999,0.71164,0.66799,0.628305,0.738095,0.4850095238095238,0.656085,0.29364999999999997,0.6627000000000001,0.24206500000000003,0.425925,0.42725,0.425925,0.309525,0.51787,0.579365,0.62434,0.378305,0.6335999999999999,0.521165,0
0.935555,0.89973,0.591485,0.995045,0.64646,0.9021666666666666,0.36638,0.94705,0.59982,0.94322,0.98941,0.32988,0.89477,0.374495,0.929835,0.8938699999999999,0.879675,0.6090599999999999,0.94119,0.545965,0
0.918045,0.860855,0.530295,0.829145,0.541575,0.5899428571428571,0.56343,0.723735,0.567535,0.64676,0.664175,0.57308,0.647475,0.57319,0.618205,0.632145,0.593835,0.56816,0.583275,0.56599,0
0.9972449999999999,0.9204100000000001,0.443435,0.941185,0.417845,0.9479095238095238,0.51483,0.935805,0.39576,0.9694050000000001,0.94938,0.500375,0.93918,0.47059,0.9378949999999999,0.9714700000000001,0.901265,0.37129500000000004,0.88293,0.36102999999999996,0
1.0,0.5,0.5,0.5,0.5,0.0,0.5,0.0,0.0,0.0,0.0,1.0,0.5,0.5,1.0,0.0,0.0,1.0,0.0,1.0,1
1.0,1.0,0.41368499999999997,0.933175,0.09110499999999999,0.9277,0.34132,0.9396850000000001,0.382835,0.905255,0.9514199999999999,0.555265,0.811785,0.107265,0.74068,0.7032499999999999,0.66492,0.03936000000000006,0.433295,0.0,0
0.9168350000000001,0.827705,0.788355,0.67481,0.8533850000000001,0.5585380952380952,0.832705,0.157895,0.73872,0.12637500000000002,0.18985000000000002,0.35902500000000004,0.25417500000000004,0.23268499999999998,0.49235,0.61354,0.7155,0.24396999999999996,0.82331,0.34962499999999996,0
1.0,0.9707,0.532655,0.96053,0.383725,0.8435809523809523,0.49644,0.671975,0.362715,0.7646999999999999,0.52991,0.322125,0.511545,0.235605,0.56645,0.512155,0.471465,0.202135,0.47696,0.17151500000000003,0
0.9442649999999999,0.960035,0.506525,0.96221,0.506795,0.900852380952381,0.494835,0.96547,0.45541,0.930125,0.94209,0.43937,0.944535,0.440455,0.9322649999999999,0.9276800000000001,0.91762,0.43774,0.93393,0.438825,0
1.0,1.0,0.10745500000000002,1.0,0.44799500000000003,0.9523809523809523,0.46569499999999997,1.0,0.53305,0.97901,0.9870000000000001,0.51864,0.99812,0.54621,0.98119,0.9558249999999999,1.0,0.43139,0.982615,0.441415,0
1.0,0.99575,0.13314499999999996,0.9475899999999999,0.012749999999999984,0.9523809523809523,0.06798999999999994,1.0,0.21232499999999999,1.0,0.983005,0.0,0.8506,0.12551999999999996,0.768885,0.9051,1.0,0.0,0.652225,0.11943999999999999,0
0.977795,0.932105,0.43378,0.97491,0.497695,0.8705190476190476,0.428765,0.99632,0.48729,0.9792649999999999,1.0,0.418395,0.93746,0.457525,0.92066,0.912135,0.90317,0.490215,0.893805,0.489805,0
0.857605,0.8333349999999999,0.478965,0.815535,0.47411000000000003,0.8475904761904761,0.57929,0.80097,0.49029,0.771845,0.823625,0.574435,0.6957949999999999,0.608415,0.725525,0.65696,0.745955,0.4466,0.6521049999999999,0.47411000000000003,0
0.956205,0.970955,0.5114,0.973525,0.526725,0.9218190476190475,0.560335,0.96024,0.531055,0.944495,0.904915,0.559245,0.885205,0.57111,0.86775,0.831935,0.854625,0.55377,0.82629,0.557235,0
1.0,0.9065449999999999,0.9101049999999999,0.715095,1.0,0.5743761904761905,0.8854599999999999,0.0,0.7013400000000001,0.30477,0.134585,0.118305,0.311645,0.012544999999999973,0.70889,0.628865,0.96785,0.32389,0.9940800000000001,0.51723,0
0.84722,0.5,0.5,0.33531500000000003,0.849205,0.47619047619047616,0.5,0.603175,0.37897000000000003,0.60516,0.5,0.5,0.5,0.5,0.88095,0.5,0.5,0.5,0.5,0.5,1
0.695895,0.98732,0.52164,1.0,1.0,0.6467666666666666,0.08955000000000002,0.78918,0.83955,0.833955,0.82787,0.57396,0.916045,0.72761,0.746545,0.662315,0.69559,0.567605,0.672055,0.563775,1
0.74935,0.715585,0.45195,0.7532449999999999,0.47922,0.7149047619047618,0.44026,0.75844,0.48182,0.7636350000000001,0.742855,0.483115,0.745455,0.494805,0.7660750000000001,0.715585,0.772725,0.472725,0.794805,0.457145,0
1.0,0.977275,0.454545,0.8863650000000001,0.5,0.9523809523809523,0.522725,0.954545,0.477275,1.0,0.93182,0.545455,0.8863650000000001,0.545455,0.957705,0.977275,0.93182,0.454545,0.93182,0.522725,0
1.0,1.0,0.571055,1.0,0.61054,0.9523809523809523,0.744905,1.0,0.79493,0.3125,1.0,0.960005,1.0,1.0,1.0,1.0,1.0,1.0,1.0,1.0,0
0.829225,0.7234050000000001,0.87402,0.526595,0.92553,0.3236809523809524,0.535555,0.085945,0.35638499999999995,0.26484,0.61646,0.11841999999999997,0.783315,0.23936000000000002,0.8737900000000001,0.7259249999999999,0.602745,0.88382,0.407335,0.87178,0
1.0,1.0,1.0,0.85608,0.0,0.47619047619047616,0.5,0.0,0.57258,0.77047,0.150125,1.0,0.5,0.5,0.758065,1.0,0.62841,1.0,0.33809,1.0,1
1.0,1.0,0.44337,0.99623,0.35099,0.9523809523809523,0.263675,0.9595199999999999,0.25915,0.86542,0.91225,0.10841999999999996,0.794145,0.126075,0.743785,0.689705,0.6205849999999999,0.055769999999999986,0.6461049999999999,0.05189499999999997,0
1.0,0.6835,0.53079,0.5649649999999999,0.963565,0.3448285714285714,0.6847300000000001,0.03571499999999994,0.455665,0.30542,0.472905,0.03201999999999999,0.62808,0.397785,0.927355,1.0,0.69335,0.50123,0.58879,0.89895,0
0.5,1.0,0.75862,0.5,0.5,0.5285285714285713,0.5,0.0,0.38793,0.221445,0.5,0.5,0.76724,0.6783399999999999,1.0,0.0,0.5,0.5,0.5,0.5,1
0.926355,1.0,0.540345,1.0,1.0,0.9117761904761904,0.635765,1.0,1.0,0.906975,1.0,0.75335,1.0,0.0,1.0,0.92248,1.0,0.936585,1.0,1.0,1
0.9189449999999999,0.860565,0.791925,0.728125,0.890575,0.5546190476190476,0.892485,0.20282499999999998,0.7603500000000001,0.10765000000000002,0.189795,0.343245,0.26294,0.255475,0.47473,0.57345,0.685465,0.304165,0.741595,0.37843499999999997,0
1.0,1.0,0.47753,1.0,0.46659,0.9523809523809523,0.43631,1.0,0.42739,1.0,0.99742,0.405255,0.978005,0.39959500000000003,0.9364,0.9146000000000001,0.892395,0.386175,0.8699600000000001,0.385095,0
0.5,0.5,0.5,0.5,0.5,0.47619047619047616,0.0,0.5,0.5,1.0,0.5,0.5,0.0,1.0,1.0,0.0,1.0,1.0,0.5,0.5,1
0.73684,0.9189050000000001,0.50878,0.915775,0.513075,0.8020047619047619,0.52514,0.891575,0.52878,0.921055,0.86275,0.538155,0.851505,0.540705,0.8270949999999999,0.7631600000000001,0.8007500000000001,0.54767,0.7870900000000001,0.5485949999999999,0
1.0,1.0,1.0,0.885615,1.0,0.3174619047619047,1.0,0.0,1.0,0.0,0.0,0.037319999999999964,0.0,0.333335,0.596175,1.0,0.5,0.0,1.0,0.166665,0
1.0,0.9967600000000001,0.58167,0.97308,0.666735,0.9131380952380952,0.734495,0.9050549999999999,0.746125,0.8923650000000001,0.7827649999999999,0.790355,0.77793,0.8236,0.716585,0.67842,0.669605,0.83422,0.610505,0.893425,0
0.5273,0.48707,0.52299,0.507185,0.52299,0.4392428571428571,0.52155,0.458335,0.47701,0.452585,0.510055,0.511495,0.48131999999999997,0.494255,0.50431,0.51293,0.51293,0.505745,0.47701,0.497125,1
1.0,1.0,0.0,1.0,1.0,0.9523809523809523,1.0,1.0,1.0,1.0,0.0,1.0,0.0,1.0,1.0,0.0,0.0,0.0,0.0,1.0,1
1.0,1.0,0.52459,0.7868850000000001,0.491805,0.7884476190476191,0.5,0.84426,0.418035,0.59836,0.8360650000000001,0.516395,1.0,0.35246,0.761925,0.6639349999999999,0.639345,0.27869,0.7459,0.467215,1
1.0,0.0,1.0,0.0,1.0,0.9523809523809523,0.0,0.0,0.0,1.0,0.0,0.0,0.0,0.0,1.0,1.0,0.0,1.0,0.0,1.0,1
0.89915,0.8906449999999999,0.60328,0.85814,0.64034,0.8062857142857143,0.8040700000000001,0.74605,0.792225,0.66677,0.547995,0.8405199999999999,0.51033,0.8611800000000001,0.440375,0.40887,0.37242,0.758505,0.363305,0.7123349999999999,0
0.5,0.5,0.5,0.5,0.5,0.47619047619047616,0.5,0.5,0.5,0.5,0.5,0.5,0.5,0.5,1.0,0.5,0.5,0.5,0.5,0.5,1
0.7339249999999999,0.7948999999999999,0.503325,0.7771600000000001,0.53437,0.7042571428571428,0.41907,0.839245,0.48337,0.772725,0.73947,0.40244,0.75388,0.432375,0.76965,0.799335,0.768295,0.44124,0.781595,0.477825,0
0.54348,0.569795,0.479405,0.55263,0.45881,0.5361238095238094,0.5389,0.573225,0.432495,0.64531,0.55835,0.5,0.556065,0.498855,0.542335,0.556065,0.548055,0.463385,0.55835,0.465675,1
0.86207,0.89852,0.50542,0.9,0.500985,0.852452380952381,0.516255,0.925615,0.508375,0.900495,0.879805,0.51675,0.8738900000000001,0.527585,0.890205,0.8704449999999999,0.91478,0.51478,0.8950750000000001,0.50394,0
0.86905,0.11904999999999999,0.38095,0.6666650000000001,0.42857,0.6916095238095238,0.5,0.642855,0.464285,0.30893,0.72619,0.52381,0.583335,0.36905,0.624445,1.0,0.166665,0.47619,0.63095,0.511905,1
0.67673,0.846935,0.487885,0.840975,0.48213,0.7415095238095237,0.467365,0.796805,0.463555,0.711355,0.74868,0.456145,0.731205,0.455055,0.69573,0.67794,0.66116,0.45681499999999997,0.644715,0.4585,0
0.940515,0.94909,0.487675,0.9705250000000001,0.49089,0.9008333333333334,0.505895,0.95391,0.431405,0.9356899999999999,0.93998,0.427115,0.914255,0.437835,0.941225,0.92176,0.94212,0.40729,0.9587350000000001,0.415865,0
0.80769,0.8907849999999999,0.5089,0.8874299999999999,0.513235,0.7860809523809523,0.5253,0.86161,0.52888,0.843075,0.8311649999999999,0.537865,0.8193900000000001,0.540205,0.794015,0.775385,0.766945,0.546035,0.753045,0.54661,0
0.0,1.0,0.0,0.0,1.0,0.47619047619047616,0.0,0.5,0.5,0.5,0.0,1.0,1.0,0.0,1.0,0.5,1.0,0.75,0.5,0.5,1
0.87395,0.91656,0.508295,0.91319,0.512345,0.8883571428571428,0.523655,0.887205,0.527035,0.8235300000000001,0.856425,0.53561,0.844475,0.537885,0.81864,0.806725,0.7909349999999999,0.543785,0.7766500000000001,0.544455,0
1.0,1.0,0.47221,1.0,0.506865,0.9523809523809523,0.491345,1.0,0.46813,1.0,1.0,0.44946,1.0,0.486575,1.0,1.0,1.0,0.42903,1.0,0.462805,0
1.0,1.0,0.505525,1.0,0.5116,0.9497523809523809,0.5116,1.0,0.50442,0.987845,0.990055,0.503315,0.99061,0.510495,0.990165,0.9895050000000001,0.99282,0.510495,0.99337,0.51381,0
0.5,0.5,0.5,0.5,0.5,0.0,0.686665,0.44,0.44,0.5,0.5,0.5,1.0,0.0,1.0,0.5,0.5,0.5,0.5,0.5,1
1.0,0.99836,0.524305,0.987725,0.5357149999999999,0.7702142857142857,0.7682,0.910385,0.570685,0.8846449999999999,0.82925,0.581855,0.80069,0.58258,0.744335,0.7174050000000001,0.6917599999999999,0.573385,1.0,1.0,1
0.663945,0.57985,0.64654,0.5701,0.872425,0.3565190476190476,0.624325,0.011749999999999983,0.498315,0.383865,0.42787,0.050045000000000006,0.546725,0.35542,0.697995,0.655025,0.6072150000000001,0.6027,0.56688,0.63211,0
0.9846649999999999,1.0,0.504215,0.99329,0.496185,0.9422285714285713,0.493645,1.0,0.487095,1.0,1.0,0.48694,1.0,0.47628,0.9959399999999999,0.9851,1.0,0.480725,0.9921,0.47944,0
0.9908300000000001,0.990515,0.48091,0.987825,0.471505,0.9330809523809523,0.44449,0.966845,0.43605,0.971085,0.94137,0.413065,0.931285,0.406305,0.909065,0.89273,0.884555,0.384525,0.871615,0.38049,0
1.0,0.850095,0.43928,0.9079699999999999,0.548385,0.8150333333333333,0.56262,0.7931699999999999,0.519925,0.765655,0.86338,0.536055,0.66034,0.52941,0.74545,0.5759,0.720705,0.594485,0.780835,0.5759,0
0.62658,0.5,0.5,0.3519,0.0,0.47619047619047616,0.5,0.5,0.5,0.5,0.503795,0.8405050000000001,0.4,0.668355,0.52785,0.5,0.531645,0.0,0.5,0.5,1
1.0,1.0,0.6113999999999999,0.9274600000000001,0.30052,0.9523809523809523,0.53886,1.0,0.426165,1.0,0.8091550000000001,0.5790150000000001,1.0,0.8117449999999999,1.0,1.0,1.0,0.94214,1.0,0.40587,1
0.867615,0.900755,0.55139,0.8941300000000001,0.57633,0.7408571428571428,0.6447700000000001,0.84399,0.664625,0.74836,0.786995,0.7126399999999999,0.7656000000000001,0.72436,0.72087,0.562365,0.67535,0.748605,0.6529400000000001,0.749155,0
0.625,0.733335,0.633335,0.59518,0.61983,0.5131714285714285,0.55094,0.481575,0.531585,0.48117,0.48763,0.501785,0.49137,0.498635,0.496895,0.49853,0.499555,0.49796,0.500125,0.498545,0
1.0,1.0,0.617645,1.0,0.7058800000000001,0.9523809523809523,0.558825,1.0,0.735295,1.0,1.0,0.67647,1.0,0.7058800000000001,1.0,1.0,1.0,0.67647,1.0,0.617645,0
0.0,1.0,1.0,1.0,0.0,0.0,0.0,0.5,0.5,1.0,1.0,0.0,1.0,0.0,1.0,1.0,0.0,1.0,1.0,0.0,1
1.0,1.0,0.0,1.0,0.0,0.9523809523809523,0.0,0.5,0.5,0.5,0.0,1.0,1.0,1.0,1.0,0.5,0.0,0.0,0.5,0.5,1
0.9760850000000001,0.96807,0.56515,0.9549799999999999,0.59576,0.8803857142857143,0.67164,0.86127,0.68994,0.8307249999999999,0.76629,0.72044,0.733865,0.7225550000000001,0.67187,0.95165,0.617025,0.6980999999999999,0.59316,0.685955,0
0.71875,0.7916650000000001,0.447915,0.6979150000000001,0.5,0.6349190476190476,0.552085,0.7708349999999999,0.510415,0.71875,0.6666650000000001,0.541665,0.625,0.59375,0.7200599999999999,0.7083349999999999,0.7916650000000001,0.34375,0.6666650000000001,0.46875,0
0.7135400000000001,0.5,0.5,0.5,0.5,0.6974190476190476,0.5,0.5,0.5,0.58229,0.5,0.5,0.5,0.5,0.0,0.36041500000000004,0.5,0.5,0.5,0.5,1
0.52933,0.53352,0.50419,0.5,0.494415,0.4788523809523809,0.526535,0.532125,0.48324,0.5,0.476255,0.51257,0.513965,0.497205,0.551675,0.515365,0.522345,0.5,0.523745,0.48324,1
0.87426,0.8284,0.47411000000000003,0.903105,0.514055,0.8854619047619048,0.5392,0.8653850000000001,0.52589,0.8927499999999999,0.89349,0.534765,0.673075,0.40680499999999997,0.805045,0.7677499999999999,0.79512,0.429735,0.7818050000000001,0.514795,0
0.9558800000000001,0.985295,0.5882350000000001,0.9117649999999999,0.54412,0.9103619047619047,0.57353,0.97059,0.514705,1.0,0.882355,0.558825,0.941175,0.514705,0.9633149999999999,0.97059,0.985295,0.52941,0.9558800000000001,0.52941,0
0.971665,0.741315,0.82267,0.60786,0.88757,0.20980476190476188,0.5,0.18646999999999997,0.344605,0.308045,0.749545,0.1819,0.857405,0.3117,0.80049,0.7276050000000001,0.51371,0.7723949999999999,0.39214,0.752285,0
1.0,1.0,0.493955,1.0,0.4852,0.9523809523809523,0.46728000000000003,0.986305,0.460415,0.962805,0.997945,0.42876000000000003,0.974075,0.432175,0.945335,0.92822,0.9188850000000001,0.399495,0.919335,0.39617,0
0.97299,0.0,0.630655,0.31803499999999996,0.678195,0.8059904761904761,0.49725,0.22574,0.57726,0.959605,0.351325,0.34273,0.13068000000000002,0.686805,0.7610399999999999,1.0,0.45183,0.602385,0.469415,0.709565,1
0.0,1.0,1.0,1.0,0.428125,0.47619047619047616,1.0,0.589585,0.0,0.0,1.0,0.0,0.0,1.0,1.0,0.0,1.0,1.0,0.5,0.5,1
0.8802300000000001,0.931675,0.50129,0.9291050000000001,0.50192,0.8570857142857142,0.50372,0.9090750000000001,0.50427,0.9138850000000001,0.884895,0.50574,0.875355,0.50616,0.85443,0.830805,0.8314900000000001,0.50742,0.8194349999999999,0.507625,0
0.9530399999999999,0.99061,0.490055,0.9784550000000001,0.48177,0.8845047619047619,0.49282,0.9530399999999999,0.47735,0.956905,0.943645,0.506075,0.9607749999999999,0.4884,0.945735,0.9149149999999999,0.98011,0.481215,0.9370149999999999,0.418785,0
0.87782,0.9177500000000001,0.771505,0.77458,0.8603149999999999,0.6439285714285714,0.96889,0.31198000000000004,0.9111149999999999,0.23629,0.149185,0.62478,0.104265,0.514975,0.14823999999999998,0.18344,0.329345,0.19773000000000002,0.401955,0.18522,0
1.0,0.9990749999999999,0.501845,0.9012199999999999,0.34933499999999995,0.9043761904761904,0.347305,0.85746,0.31960999999999995,0.73597,0.805205,0.30335999999999996,0.76588,0.336595,0.64604,0.563885,0.578285,0.24335500000000004,0.591765,0.26698500000000003,0
1.0,1.0,0.55991,1.0,0.580795,0.9523809523809523,0.688195,0.9555899999999999,0.698745,0.9096949999999999,0.897,0.7814099999999999,0.851655,0.790645,0.7945150000000001,0.76976,0.72656,0.81818,0.70221,0.8132900000000001,0
0.5,1.0,1.0,1.0,1.0,0.47619047619047616,0.0,0.5,0.5,0.0,0.5,0.5,1.0,1.0,1.0,0.5,0.0,1.0,0.5,0.5,1
0.95187,1.0,0.5401050000000001,1.0,0.50802,0.9192761904761904,0.5,1.0,0.532085,1.0,0.983955,0.510695,0.99465,0.49198,0.9848699999999999,0.938505,1.0,0.545455,0.9893050000000001,0.532085,0
0.941525,1.0,0.6818649999999999,0.912015,0.59603,0.8813619047619048,0.625,0.889485,0.62661,0.8460300000000001,0.86588,0.637875,1.0,0.674355,0.849055,0.904505,0.71513,0.854615,0.7618050000000001,0.7709250000000001,0
1.0,1.0,0.0,0.5,0.5,0.47619047619047616,0.0,1.0,1.0,1.0,0.5,0.5,1.0,0.36111,1.0,1.0,1.0,0.0,0.5,0.5,1
0.0,0.5,0.5,0.75407,0.10749000000000003,0.7646952380952381,0.5,0.5,0.5,1.0,0.9853399999999999,0.0,0.0,0.0,0.0,0.0,1.0,0.0,0.5,0.5,1
1.0,1.0,0.40806,1.0,0.3634,0.9523809523809523,0.24063,0.953555,0.204915,0.94615,0.853225,0.1184,0.8154049999999999,0.09728000000000003,0.736055,0.701515,0.65498,0.054535000000000056,0.614975,0.054210000000000036,0
0.9900100000000001,1.0,0.5,0.99491,0.499625,0.927242857142857,0.515365,0.99585,0.51169,0.969645,0.98869,0.52762,1.0,0.531205,0.983545,0.978505,0.99095,0.5406299999999999,0.986235,0.54308,0
0.809285,0.85347,0.465325,0.85179,0.50839,0.8298714285714286,0.49888,0.89877,0.533,0.918345,0.81264,0.49329,0.80481,0.558725,0.849225,0.816555,0.8942950000000001,0.474275,0.826065,0.47651,0
0.9732449999999999,0.9864350000000001,0.4987,0.99461,0.50186,0.9323857142857143,0.523595,0.993125,0.50929,0.971385,0.98885,0.5249,0.9817899999999999,0.53549,0.9762149999999999,0.9873649999999999,0.989225,0.535305,1.0,0.4987,0
1.0,1.0,1.0,1.0,1.0,0.9523809523809523,0.0,1.0,1.0,1.0,1.0,0.0,1.0,0.0,1.0,1.0,1.0,1.0,1.0,1.0,1
0.9131199999999999,0.89539,0.45922,0.95213,0.491135,0.9186095238095238,0.496455,0.97163,0.5,0.96631,0.957445,0.503545,0.90248,0.53546,0.947635,0.8883,0.962765,0.590425,0.962765,0.5,0
0.171875,0.53125,0.5,0.5,0.53125,0.7738095238095237,0.546875,0.53125,0.5,0.578125,0.5,0.453125,0.5,0.5,0.515625,0.140625,0.484375,0.5,0.5,0.546875,1
1.0,1.0,0.880655,0.9353,0.592965,0.9523809523809523,0.4196,1.0,0.504395,0.988065,0.9403250000000001,0.404525,1.0,0.43844,0.96445,1.0,0.71985,0.599245,0.75691,0.47299,0
0.88148,1.0,0.35185,1.0,0.071295,0.8571428571428571,0.437095,1.0,0.082405,0.7462949999999999,0.9910749999999999,0.40031,1.0,0.610185,0.9607399999999999,0.8944449999999999,0.93746,0.364475,1.0,0.21481500000000003,0
1.0,1.0,0.272725,1.0,0.545455,0.9523809523809523,0.363635,1.0,0.40909,1.0,1.0,0.31818,1.0,0.545455,1.0,1.0,1.0,0.363635,1.0,0.40909,0
0.93886,0.9171199999999999,0.536685,0.923915,0.52038,0.8436857142857142,0.44701,0.839675,0.497285,0.940215,0.9320649999999999,0.47011000000000003,0.986415,0.360055,0.918525,0.92935,0.892665,0.44565,0.8953800000000001,0.497285,0
0.5,0.5,0.5,0.5,0.5,0.47619047619047616,0.5,0.5,0.5,0.5,0.5,0.5,0.5,0.5,1.0,0.5,0.5,0.5,0.5,0.5,1
0.9404250000000001,0.8419449999999999,0.8256399999999999,0.67408,0.8989199999999999,0.5039619047619047,0.84795,0.11446999999999996,0.696545,0.07098500000000002,0.177105,0.24989,0.30117,0.15831499999999998,0.585205,0.703375,0.78313,0.316175,0.813825,0.433475,0
0.75,0.69348,0.552175,0.74565,0.53261,0.699795238095238,0.523915,0.752175,0.513045,0.67826,0.71087,0.486955,0.6608700000000001,0.44348,0.7089449999999999,0.69348,0.676085,0.573915,0.723915,0.586955,0
0.3975,0.615,0.55,0.64125,0.65875,0.6297619047619047,0.6375,0.4525,0.605,0.45625,0.26,0.46,0.64954,0.66588,0.66095,0.265,0.36448,0.34386,0.702225,0.51525,1
0.71,0.5,0.5,1.0,0.0,0.9047619047619047,0.5,0.5,0.5,0.835,0.5,0.5,0.5,0.5,1.0,0.5,0.5,0.5,0.5,0.5,1
0.926045,0.694435,0.88216,0.5442899999999999,0.994515,0.2732142857142857,0.55384,0.07049999999999995,0.34478,0.16985,0.64222,0.09752,0.823245,0.32384999999999997,0.85849,0.68915,0.5983350000000001,0.831575,0.443925,0.824665,0
0.633335,0.7666649999999999,0.5,0.6666650000000001,0.433335,0.6507952380952381,0.541665,0.85,0.466665,0.7666649999999999,0.658335,0.6,0.85,0.5,0.73107,0.7,0.733335,0.516665,0.7083349999999999,0.475,0
1.0,1.0,0.857145,1.0,0.857145,0.9523809523809523,0.51267,1.0,0.5,0.7142850000000001,1.0,0.35714500000000005,1.0,0.5,1.0,1.0,1.0,0.7857149999999999,1.0,0.5,0
0.973155,0.9547300000000001,0.6657150000000001,0.9254800000000001,0.7498,0.8270380952380951,0.9180699999999999,0.6522950000000001,0.953325,0.589795,0.4056,0.946915,0.334885,0.91246,0.207185,0.16035500000000003,0.12339499999999998,0.71244,0.09394999999999998,0.63046,0
0.5,0.5,0.5,0.5,0.5,0.9523809523809523,0.5,0.5,0.5,0.3125,0.5,0.5,0.5,0.5,0.0,0.0,1.0,0.5,0.5,0.5,1
1.0,1.0,0.37327,0.973115,0.32453,0.9523809523809523,0.279405,0.878615,0.205505,0.84874,0.842295,0.145125,0.7723249999999999,0.06336499999999995,0.67752,0.63176,0.58302,0.13427499999999998,0.56997,0.15000000000000002,0
0.9873350000000001,0.9706,0.6001799999999999,0.943915,0.66124,0.9000428571428571,0.76142,0.8497300000000001,0.7941,0.79274,0.721225,0.840795,0.676445,0.87811,0.5840650000000001,0.537485,0.48519,0.8885099999999999,0.448555,0.87121,0
0.9314199999999999,0.9046000000000001,0.705745,0.836015,0.778925,0.735995238095238,0.928355,0.479695,0.9314199999999999,0.413795,0.25900500000000004,0.7804599999999999,0.19885000000000003,0.70498,0.18480999999999997,0.21379499999999996,0.22566999999999998,0.400385,0.28544,0.34023000000000003,0
0.792295,1.0,0.67669,0.87688,0.49718,0.8691380952380952,0.531955,0.8486849999999999,0.57331,0.8618399999999999,0.8345849999999999,0.602445,0.92387,0.295115,0.7841800000000001,0.7641,0.57801,0.43891,0.723835,0.448455,0
1.0,1.0,0.5,0.75,0.75,0.8333333333333333,0.5710500000000001,0.93461,0.58114,0.875,0.875,0.5,1.0,0.375,0.86972,0.875,0.848175,0.64537,0.837465,0.651465,0
0.692605,0.706225,0.536965,0.632295,0.620625,0.5873619047619048,0.684825,0.544745,0.614785,0.480545,0.624515,0.54864,0.53891,0.649805,0.46988,0.42607,0.453305,0.65564,0.40467,0.64397,1
0.8116749999999999,0.795425,0.502405,0.802045,0.462695,0.7770333333333332,0.5361,0.8146800000000001,0.45788,0.837545,0.794825,0.55054,0.7503,0.515645,0.802315,0.75692,0.808665,0.495185,0.8068599999999999,0.45427,0
0.5,0.0,0.0,1.0,1.0,0.0,0.0,1.0,1.0,0.0,1.0,0.0,0.0,1.0,1.0,0.0,0.0,0.0,1.0,0.0,1
1.0,1.0,0.512385,1.0,0.53882,0.9523809523809523,0.5274449999999999,1.0,0.52192,0.97875,1.0,0.52075,0.999665,0.63688,0.98207,0.933735,0.97289,0.389895,0.901775,0.463355,0
0.947945,0.830645,0.85902,0.647605,0.95412,0.4533952380952381,0.792555,0.03590500000000002,0.625665,0.03858999999999996,0.24534499999999998,0.11901499999999998,0.425525,0.05704499999999996,0.766145,0.8742300000000001,0.91571,0.464855,0.8843099999999999,0.63963,0
1.0,0.824325,0.64865,0.824325,0.37838,0.8880285714285714,0.5,0.81081,0.472975,0.66216,0.81081,0.527025,0.8783799999999999,0.56757,0.8051550000000001,0.7923899999999999,0.864865,0.20270500000000002,0.7567550000000001,0.37838,0
0.7992,0.914045,0.902605,0.880005,0.853545,0.8762380952380951,0.07136499999999996,0.95981,0.9422200000000001,0.97726,0.99242,0.15203,0.93335,0.07122499999999998,1.0,0.81479,0.938785,0.905035,0.909895,0.8441099999999999,1
0.9803550000000001,1.0,0.52148,1.0,0.546565,0.9055666666666666,0.46929,0.93767,0.5491550000000001,0.88272,0.829805,0.460475,0.82079,0.470355,0.790255,0.74832,0.7565500000000001,0.499925,0.7604949999999999,0.49909,0
0.69697,0.813275,0.50635,0.727275,0.545455,0.7792190476190476,0.57576,0.69697,0.5,0.78078,0.89394,0.59091,0.6515150000000001,0.42424,0.73181,0.6666650000000001,0.70928,0.53205,0.69697,0.62121,0
0.895785,0.5,0.5,0.782705,0.53437,0.6641333333333332,0.7660750000000001,0.618625,0.5643,0.486695,0.449,0.694015,0.28714,0.618625,0.32927,0.0,0.0,0.5643,0.5,0.5,1
1.0,0.5,0.5,1.0,0.0,0.9523809523809523,1.0,1.0,0.0,1.0,1.0,0.0,0.0,0.0,1.0,1.0,0.5,0.5,1.0,0.0,1
0.0,0.5,0.5,0.0,1.0,0.9523809523809523,0.5,0.5,0.5,1.0,1.0,0.0,0.5,0.5,0.0,0.0,0.5,0.5,0.0,1.0,1
1.0,0.9726250000000001,0.53709,0.99976,0.566155,0.9523809523809523,0.5732200000000001,0.97431,0.55612,0.95448,0.998475,0.57129,0.95392,0.58205,0.942115,0.9428399999999999,0.89162,0.64788,0.91787,0.65583,0
1.0,1.0,0.772725,0.90909,0.81818,0.9523809523809523,0.272725,0.81818,0.6363650000000001,1.0,0.954545,0.272725,1.0,0.53875,1.0,1.0,1.0,0.81818,0.8636349999999999,0.6363650000000001,0
1.0,1.0,0.0,1.0,0.0,0.9523809523809523,0.0,1.0,0.0,1.0,1.0,0.18601999999999996,1.0,0.0,1.0,1.0,1.0,0.0,1.0,0.0,1
0.972655,0.0,0.333985,0.0,0.492185,0.9393619047619047,0.58203,0.0,0.498045,0.9765649999999999,0.003904999999999992,0.558595,0.03320500000000004,0.6738299999999999,0.910205,0.95117,0.0,0.40625,0.0,0.328125,1
0.8636349999999999,0.946205,0.51731,1.0,0.8636349999999999,0.7922095238095237,0.547795,0.78409,1.0,0.752275,1.0,0.35,0.99318,0.0,0.78491,0.711365,0.7446349999999999,0.573215,1.0,1.0,1
0.75056,0.80562,0.50674,0.7943800000000001,0.507865,0.7565523809523809,0.476405,0.8325849999999999,0.504495,0.7865150000000001,0.78427,0.570785,0.78764,0.48202,0.78294,0.7382,0.7730349999999999,0.55281,0.8033699999999999,0.45955,0
0.66417,0.57618,0.60639,0.574595,0.870015,0.35378095238095236,0.62893,0.02973500000000001,0.472955,0.434415,0.442955,0.07201499999999994,0.51334,0.38607,0.668685,0.638285,0.57539,0.56648,0.560985,0.60234,0
0.920885,0.75,0.8808,0.54958,0.9673,0.2963619047619047,0.597045,0.06645500000000004,0.372365,0.18565500000000001,0.581225,0.06751000000000001,0.757385,0.16560999999999998,0.8896850000000001,0.820675,0.6571750000000001,0.812235,0.49789,0.847045,0
0.813725,0.862745,0.5,0.80392,0.460785,0.7749761904761905,0.431375,0.8235300000000001,0.45098,0.77451,0.7941199999999999,0.40196,0.8333349999999999,0.382355,0.762045,0.784315,0.715685,0.392155,0.735295,0.362745,1
1.0,1.0,0.8773599999999999,0.745285,0.4717,0.7726857142857142,0.537735,0.81132,0.4717,0.9943899999999999,0.76415,0.537735,0.97595,0.49944,0.96096,0.9717,1.0,0.71698,0.71698,0.443395,0
1.0,0.5,0.5,0.5,0.5,0.47619047619047616,0.727445,0.02255499999999999,0.642855,0.82331,0.5,0.5,0.8101499999999999,0.601505,1.0,1.0,0.5,0.5,0.5,0.5,1
0.5,1.0,1.0,0.5,0.5,0.9523809523809523,0.0,0.5,0.5,0.5,0.5,0.5,0.5,0.5,1.0,0.5,0.0,1.0,0.5,0.5,1
1.0,1.0,0.74295,1.0,0.864865,0.9523809523809523,1.0,1.0,0.88564,1.0,0.87234,1.0,0.948235,1.0,0.691275,0.554095,0.41315,1.0,0.09308499999999997,1.0,0
0.59295,0.5,0.5,0.5,0.5,0.47619047619047616,0.40464500000000003,0.5,0.5,0.5,0.5,0.5,0.47436,0.467145,0.58654,0.5625,0.51282,0.47596,0.584135,0.597755,1
0.5,0.5,0.5,0.5,0.5,0.07142857142857145,0.0,0.5,0.5,0.0,1.0,0.0,0.2,0.0,0.0,1.0,0.5,1.0,0.5,0.5,1
0.9782949999999999,0.9874350000000001,0.471665,0.985825,0.45758,0.9337952380952381,0.416025,0.97306,0.402515,0.99815,0.95714,0.36341999999999997,0.9507,0.35096499999999997,0.93622,0.9602949999999999,0.9197550000000001,0.304695,0.91083,0.294135,0
0.508335,0.5,0.5,0.5,0.5,0.47619047619047616,0.5,0.56146,0.22499999999999998,0.614065,0.5,0.5,0.541665,0.0,1.0,0.0,0.5,0.5,1.0,0.36354,1
0.94402,0.8296300000000001,0.847155,0.64574,0.93946,0.44416190476190476,0.78251,0.0852,0.63453,0.1053,0.266815,0.22197499999999998,0.417755,0.17830999999999997,0.65203,0.716135,0.7351449999999999,0.452695,0.7107600000000001,0.56278,0
0.53202,0.477835,0.529555,0.54187,0.487685,0.46915238095238093,0.45074,0.529555,0.5,0.50985,0.534485,0.50739,0.534485,0.51478,0.640395,0.470445,0.522165,0.527095,0.536945,0.445815,1
1.0,0.95702,0.760065,0.8901,0.8607199999999999,0.7031428571428571,0.94124,0.3901,0.95702,0.32916,0.177365,0.72307,0.12949,0.64581,0.141345,0.17519,0.243745,0.277475,0.31284,0.23340500000000003,0
0.65517,0.62069,0.448275,0.60345,0.465515,0.5114523809523809,0.488085,0.503705,0.49259000000000003,0.501405,0.499985,0.498505,0.49986,0.49917,0.499875,0.49991,0.49994,0.49994,0.49996,0.49997,0
0.997695,0.926215,0.51153,0.91699,0.31145999999999996,1.0,0.275275,0.8026800000000001,0.30888499999999997,0.92178,0.7848550000000001,0.35163,0.6847300000000001,0.263215,0.70539,0.60633,0.711335,0.22756500000000002,0.593205,0.2735,0
0.5,0.0,0.0,0.0,1.0,0.47619047619047616,1.0,1.0,0.0,0.5,0.0,0.0,0.0,1.0,1.0,0.5,0.0,0.0,0.0,1.0,1
0.607145,0.6666650000000001,0.5357149999999999,0.59524,0.59524,0.5895714285714285,0.47619,0.65476,0.47619,0.642855,0.65476,0.5,0.607145,0.440475,0.610545,0.59524,0.584985,0.48983,0.57347,0.490615,0
0.8206100000000001,0.67073,0.487805,0.763755,0.51733,0.5691047619047619,0.52439,0.64634,0.5,0.682925,0.634145,0.560975,0.61849,0.529065,0.59652,0.58705,0.59756,0.5,0.585365,0.536585,0
0.58594,0.0,1.0,0.5,0.5,0.47619047619047616,0.5,0.19323,0.16146,0.902605,0.5,0.5,0.0,0.364585,1.0,0.0,0.5,0.5,0.5,0.5,1
0.940895,0.797865,0.8882749999999999,0.59836,0.972685,0.3614142857142857,0.66826,0.03808,0.47331,0.11321999999999999,0.448815,0.08891499999999997,0.63192,0.11215000000000003,0.860735,0.86239,0.790685,0.6945749999999999,0.673745,0.7882800000000001,0
1.0,1.0,0.0,0.5,0.5,0.47619047619047616,0.5,0.5,0.5,0.0,0.0,1.0,0.0,1.0,1.0,0.0,1.0,1.0,0.5,0.5,1
0.94104,0.9670399999999999,0.44471499999999997,0.9604999999999999,0.41775,0.8966999999999999,0.342685,0.91058,0.32038,0.903405,0.8527750000000001,0.264235,0.83075,0.249575,0.7840199999999999,0.750895,0.735375,0.213115,0.7109449999999999,0.20956999999999998,0
0.49068,0.5,0.5,0.5,0.5,0.5308095238095237,0.5,0.33172,0.69301,0.31433500000000003,0.5,0.5,0.5,0.5,0.603225,0.5,0.582975,0.62043,0.45896,0.690325,1
0.824735,0.79132,0.4281,0.434355,0.39308,0.6180761904761904,0.340015,0.517295,0.405265,0.601345,0.547565,0.342375,0.53278,0.366025,0.49977,0.48694,0.476415,0.40525,0.50668,0.363995,0
0.989525,0.9505600000000001,0.676185,0.910195,0.742805,0.8179047619047619,0.91578,0.6257,0.9240200000000001,0.5235,0.3691,0.90377,0.310825,0.85838,0.212065,0.19050500000000004,0.17123,0.5917250000000001,0.17933000000000004,0.51484,0
1.0,1.0,1.0,0.95505,1.0,0.3477619047619047,1.0,0.0,0.86263,0.0,0.0,0.0,0.23580999999999996,0.0,1.0,1.0,1.0,0.32657,1.0,0.674225,0
0.9412050000000001,0.86616,0.78908,0.670545,0.792635,0.5034142857142857,0.85998,0.151165,0.66279,0.09289000000000003,0.10513499999999998,0.29457500000000003,0.11549499999999996,0.27261,0.34195,0.485105,0.62696,0.08936499999999997,0.50097,0.09156999999999998,0
0.94705,0.9350050000000001,0.657715,0.8944799999999999,0.71694,0.7780380952380952,0.8808050000000001,0.6213299999999999,0.897615,0.54567,0.398995,0.83463,0.348685,0.81305,0.26892499999999997,0.24843000000000004,0.235885,0.5958600000000001,0.25595999999999997,0.52986,0
0.788235,0.70196,0.5,0.692155,0.564705,0.6666666666666666,0.541175,0.762745,0.47255,0.790195,0.72941,0.533335,0.790195,0.541175,0.743005,0.731375,0.72549,0.617645,0.715685,0.586275,0
0.96829,0.87627,0.8282,0.727855,0.9428799999999999,0.5491571428571428,0.916985,0.10624499999999998,0.790225,0.03448000000000001,0.06486000000000003,0.295255,0.174605,0.16268,0.47711,0.6366499999999999,0.774135,0.151935,0.87414,0.279135,0
0.96154,0.9319949999999999,0.648785,0.8629100000000001,0.6839500000000001,0.8123238095238094,0.87338,0.658525,0.8384849999999999,0.59564,0.43968,0.884845,0.407605,0.856635,0.30601,0.26600500000000005,0.23426999999999998,0.70366,0.21884499999999996,0.675475,0
0.968345,0.803805,0.71602,0.96157,0.299355,0.9196333333333333,0.54086,0.95793,0.525485,0.92314,0.924355,0.630665,0.875405,0.481795,0.9364649999999999,0.99272,0.8915850000000001,0.44903,0.9292050000000001,0.426375,0
0.511685,0.45038,0.440255,0.496185,0.44088,0.5462190476190476,0.5,0.47714,0.4223,0.498285,0.50919,0.5183450000000001,0.507595,0.50444,0.4838,0.46070500000000003,0.5,0.5,0.499805,0.560055,1
0.99411,0.9655100000000001,0.6705,0.91952,0.67611,0.8319333333333333,0.8008949999999999,0.71565,0.8311850000000001,0.659,0.537575,0.86848,0.53169,0.85642,0.41722000000000004,0.41895499999999997,0.326415,0.720975,0.332585,0.687325,0
1.0,1.0,1.0,1.0,0.0,0.9523809523809523,1.0,1.0,0.0,1.0,1.0,1.0,1.0,0.0,1.0,1.0,1.0,0.0,1.0,1.0,1
0.160325,0.0,1.0,1.0,0.816585,0.4929285714285714,1.0,0.9434149999999999,0.0,0.0,1.0,0.0,0.0,0.0,1.0,0.0,0.0,1.0,1.0,0.668055,1
1.0,1.0,0.0,1.0,0.0,0.9523809523809523,1.0,1.0,0.0,1.0,1.0,1.0,1.0,1.0,1.0,1.0,1.0,0.0,1.0,0.0,1
1.0,1.0,0.560985,1.0,0.61287,0.9457238095238095,0.62144,0.946205,0.641715,0.927645,0.916965,0.65849,0.874145,0.697985,0.84226,0.81382,0.783955,0.7351650000000001,0.7712600000000001,0.754515,0
0.5,1.0,0.0,0.5,0.5,0.47619047619047616,0.37329,1.0,0.61644,1.0,0.5,0.5,1.0,1.0,1.0,0.5,1.0,0.0,0.5,0.5,1
0.509875,0.52045,0.49577,0.51058,0.50564,0.48156190476190475,0.484485,0.490125,0.530325,0.47955,0.52186,0.487305,0.50917,0.5,0.50917,0.50282,0.491535,0.48801,0.503525,0.5,1
0.51926,0.50214,0.5,0.509985,0.490015,0.48638095238095236,0.48859,0.5,0.483595,0.47646,0.5107,0.50214,0.52568,0.48859,0.51997,0.509985,0.48716,0.49073,0.492865,0.509985,1
0.94055,0.9740850000000001,0.48628,0.9679899999999999,0.4939,0.9059238095238094,0.504575,0.9786600000000001,0.501525,1.0,0.95427,0.512195,0.9573149999999999,0.52744,0.94833,0.95427,1.0,0.52744,0.987805,0.4939,0
0.9703999999999999,0.92869,0.50519,0.92562,0.50773,0.842695238095238,0.515135,0.9134,0.51753,0.87419,0.90431,0.524505,0.901295,0.52676,0.89529,0.9296949999999999,0.8893150000000001,0.53545,0.8863449999999999,0.53754,0
0.5,1.0,0.564445,0.9422200000000001,0.49,0.47619047619047616,0.59778,1.0,0.473335,1.0,1.0,0.48,1.0,0.406665,1.0,0.5,1.0,0.55889,0.953335,0.45222,1
1.0,0.996815,0.550615,0.98071,0.57378,0.9310142857142856,0.6264149999999999,0.868905,0.6369,0.8338749999999999,0.76247,0.646,0.7279100000000001,0.64238,0.66465,0.636905,0.612135,0.60689,0.59043,0.595415,0
0.5,0.5,0.5,1.0,1.0,0.0,0.444445,0.5,0.5,0.5,1.0,1.0,1.0,0.0,1.0,0.5,0.5,0.5,1.0,1.0,1
0.98794,0.973005,0.396,0.9640299999999999,0.35825,0.8856952380952381,0.24618,0.87314,0.19282,0.789725,0.68162,0.11719000000000002,0.65949,0.10123499999999996,0.568295,0.52303,0.47869,0.09340999999999999,0.43084,0.09512500000000002,0
1.0,1.0,0.0,0.5,0.5,0.47619047619047616,1.0,0.0,0.0,1.0,0.5,0.5,1.0,0.0,1.0,0.0,0.5,0.5,0.5,0.5,1
1.0,0.965175,0.31922,0.44566,0.03201499999999996,0.9523809523809523,0.15146500000000002,0.24157499999999998,0.01242500000000002,0.527495,0.434245,0.2735,0.40972,0.32133,0.39766,0.4048,0.41687,0.46856,0.43130999999999997,0.487765,1
1.0,1.0,1.0,1.0,0.0,0.9523809523809523,0.0,1.0,0.0,1.0,1.0,1.0,1.0,0.0,1.0,1.0,1.0,1.0,1.0,0.0,1
0.92868,0.909635,0.47162,0.887605,0.47909,0.8776999999999999,0.46938,0.89171,0.51755,0.918595,0.940625,0.505975,0.952575,0.5112,0.911915,0.940625,0.86968,0.49029,0.895445,0.45407,0
1.0,1.0,0.814685,1.0,0.547785,0.9523809523809523,0.297205,1.0,0.42074500000000004,1.0,1.0,0.367135,1.0,0.0,1.0,1.0,1.0,0.10722500000000001,1.0,0.25873999999999997,0
1.0,1.0,0.554135,1.0,0.59749,0.9523809523809523,0.6913050000000001,0.9728749999999999,0.714405,0.94563,0.9032199999999999,0.7998099999999999,0.8978900000000001,0.81379,0.797085,0.74769,0.735135,0.8584449999999999,0.666905,0.876215,0
1.0,0.0,0.0,0.0,0.0,0.47619047619047616,0.0,0.5,0.5,0.5,0.0,1.0,1.0,1.0,1.0,0.5,0.0,0.0,0.0,0.0,1
0.5,0.5,0.5,1.0,0.0,0.47619047619047616,0.5,0.5,0.5,1.0,0.5,0.5,0.5,0.5,1.0,0.5,1.0,1.0,0.5,0.5,1
1.0,1.0,1.0,1.0,1.0,0.9523809523809523,1.0,1.0,1.0,0.5,1.0,1.0,1.0,0.0,1.0,1.0,0.125,1.0,1.0,1.0,1
0.96218,0.85988,0.8421000000000001,0.646515,0.97039,0.42329523809523806,0.89383,0.039275000000000004,0.71157,0.028424999999999978,0.16784499999999997,0.16860999999999998,0.26995,0.10913,0.5988249999999999,0.74452,0.84943,0.26976,0.8803300000000001,0.43403,0
1.0,1.0,0.0,0.75,0.444445,0.648147619047619,0.444445,1.0,0.3267,1.0,0.5,0.375,1.0,0.24833499999999997,1.0,1.0,1.0,0.18422,1.0,0.170325,1
1.0,1.0,0.45083,1.0,0.461755,0.9523809523809523,0.302555,1.0,0.42192,0.96062,0.9584649999999999,0.27964,0.9803,0.26566999999999996,0.913405,0.8789199999999999,0.9022399999999999,0.297125,0.8717699999999999,0.274805,0
0.727275,0.81818,0.545455,0.6363650000000001,0.59091,0.7792190476190476,0.454545,0.74306,0.493285,0.81818,0.68182,0.454545,0.6363650000000001,0.59091,0.67221,0.6363650000000001,0.68182,0.5,0.644925,0.49084,0
